Endpoint,Method,Description,Headers,QueryParams,Body,Auth,ExpectedResponse
api/auth/send-code/email,POST,Send verification code to email,Content-Type: application/json; Accept: application/json,,"email string Поле ""value"" должно быть действительным электронным адресом. Example: master@test.com",No,"{""message"": ""info message"", ""type"": ""primary""}"
api/auth/send-code/phone,POST,Send verification code to phone,Authorization: Bearer {YOUR_AUTH_KEY}; Content-Type: application/json; Accept: application/json,,"phone string Длина цифрового поля ""value"" должна быть 11. Must match the regex /^7/. Example: 7",Bearer Token,"{""message"": ""info message"", ""type"": ""primary""}"
api/auth/register,POST,Register new user and company,Content-Type: application/json; Accept: application/json,,"user object optional; company object optional; code string Длина цифрового поля ""value"" должна быть 6. Example: 051089",No,"{""data"": {""id"": 7, ""role"": ""master"", ""avatar_url"": null, ""surname"": ""master"", ""name"": ""master"", ""patronymic"": ""master"", ""email"": ""master@test.com"", ""email_verified_at"": null, ""phone"": null, ""phone_verified_at"": null, ""status"": ""active"", ""is_hidden"": false, ""created_at"": null, ""updated_at"": null, ""departments"": []}, ""token"": ""<token>""}"
api/auth/login,POST,Login user,Content-Type: application/json; Accept: application/json,,"login string Поле ""value"" должно быть не короче 3 символов. Example: odzzdcjkpvxmdgg; password string Поле ""value"" должно быть не короче 8 символов. Поле ""value"" должно быть не длиннее 32 символов. Example: $i,v24z1P@+nnC""_C8&",No,"{""token"": ""bearer token""}"
api/auth/password-reset-request,POST,Request password reset,Content-Type: application/json; Accept: application/json,,"email string Поле ""value"" должно быть действительным электронным адресом. Example:master@test.com",No,"{""message"": ""info message"", ""type"": ""bootstrap type""}"
api/auth/password-reset,POST,Reset password,Content-Type: application/json; Accept: application/json,,"email string Поле ""value"" должно быть действительным электронным адресом. Example: master@test.com; code string Длина цифрового поля ""value"" должна быть 6. Example: 117833; password string Поле ""value"" должно быть не короче 8 символов. Поле ""value"" должно быть не длиннее 32 символов. Example: UB;'AHx; password_confirm string The value and password must match. Example: cum",No,"{""message"": ""info message""}"
api/auth/logout,POST,Logout user,Authorization: Bearer {YOUR_AUTH_KEY}; Content-Type: application/json; Accept: application/json,,,Bearer Token,
api/billing/webhook,POST,Billing webhook,Content-Type: application/json; Accept: application/json,,,No,"{""message"": ""OK""}"
api/billing/balance,GET,Get billing balance,Authorization: Bearer {YOUR_AUTH_KEY}; Content-Type: application/json; Accept: application/json,,,Bearer Token,"{""data"": {""balance"": 15}}"
api/billing/check-payment/{payment_id},GET,Check payment status,Authorization: Bearer {YOUR_AUTH_KEY}; Content-Type: application/json; Accept: application/json,payment_id UUID платежа Example: ratione,payment_id string Must be a valid UUID. Example: 40703991-6174-3fed-b03c-66e8f281e6eb,Bearer Token,"""ok"""
api/billing/top-up,POST,Top up balance,Authorization: Bearer {YOUR_AUTH_KEY}; Content-Type: application/json; Accept: application/json,,"amount integer, сумма в копейках (мин. 100) Example: 100; tariff_id string, ID тарифа (опционально) Example: s-s; promo_code string, промокод (опционально) Example: PROMO10",Bearer Token,"{""data"": {""url"": ""https://yookassa.ru/redirect-url""}}"
api/billing/subscription-buy,POST,Buy subscription,Authorization: Bearer {YOUR_AUTH_KEY}; Content-Type: application/json; Accept: application/json,,tariff_id string ID тарифа Example: s-s; period_key string ключ периода Example: 30days; auto_renew bool автопродление (nullable) Example: ut; promo_code string промокод (nullable) Example: ipsa,Bearer Token,"""ok"""
api/billing/onboarding-status,GET,Get onboarding status,Authorization: Bearer {YOUR_AUTH_KEY}; Content-Type: application/json; Accept: application/json,department_id integer optional Example: 5,,Bearer Token,"{""data"": {""show_onboarding"": false}}"
api/billing/complete-onboarding,POST,Complete onboarding,Authorization: Bearer {YOUR_AUTH_KEY}; Content-Type: application/json; Accept: application/json,,,Bearer Token,"""ok"""
api/billing/current-tariff,GET,Get current tariff,Authorization: Bearer {YOUR_AUTH_KEY}; Content-Type: application/json; Accept: application/json,,,Bearer Token,"{""data"": {""tariff_id"": ""sr-s"", ""started_at"": ""2025-08-05T21:00:00Z"", ""finished_at"": ""2025-08-28T20:59:59Z"", ""auto_renew"": true}}"
api/billing/check-promo,POST,Check promo code,Authorization: Bearer {YOUR_AUTH_KEY}; Content-Type: application/json; Accept: application/json,,tariff_id string ID тарифа Example: s-s; period_key string ключ периода Example: 30days; promo_code string промокод Example: PROMO10,Bearer Token,"{""data"":{""full_price"":""5000""""discount_percent"":10,""discount"":500,""final_price"":4500}}"
api/billing/saved-payments,GET,Get saved payments,Authorization: Bearer {YOUR_AUTH_KEY}; Content-Type: application/json; Accept: application/json,,,Bearer Token,"{""data"": [{""id"": 123, ""card_last_digits"": ""4242"", ""card_expiry_date"": ""12/25"", ""card_type"": ""visa"", ""active"": true}]}"
api/billing/saved-payments/{payment_id},PATCH,Update saved payment,Authorization: Bearer {YOUR_AUTH_KEY}; Content-Type: application/json; Accept: application/json,payment_id ID сохранённого метода оплаты Example: facilis,"payment_id string Example: maxime; active boolean, включён/отключён Example: true",Bearer Token,"{""data"": {""id"": 123, ""card_last_digits"": ""4242"", ""active"": false}}"
api/billing/subscription/auto-renew,PATCH,Update auto renew,Authorization: Bearer {YOUR_AUTH_KEY}; Content-Type: application/json; Accept: application/json,,"auto_renew boolean, автопродление Example: true",Bearer Token,"{""data"": {""auto_renew"": true}}"
api/billing/tariffs,GET,Get tariffs,Authorization: Bearer {YOUR_AUTH_KEY}; Content-Type: application/json; Accept: application/json,,,Bearer Token,"[{""id"": ""s-s"", ""prices"": {""30days"": 5590}, ""is_upgrade_allowed"": true}, {""id"": ""sr-s"", ""prices"": {""30days"": 17990}, ""is_upgrade_allowed"": true}]"
api/billing/subscription/submode,PATCH,Update subscription submode,Authorization: Bearer {YOUR_AUTH_KEY}; Content-Type: application/json; Accept: application/json,,tariff_id string Новый подрежим тарифа Example: srm-srm,Bearer Token,"{""data"": {""tariff_id"": ""srm-srm"", ""started_at"": ""2025-09-01T00:00:00Z"", ""finished_at"": ""2025-09-30T23:59:59Z"", ""auto_renew"": true}}"
api/billing/history,GET,Get billing history,Authorization: Bearer {YOUR_AUTH_KEY}; Content-Type: application/json; Accept: application/json,page integer optional Номер страницы Example: 1; per_page integer optional Элементов на страницу Example: 20; status string optional Фильтр по статусу Example: succeeded; date_from string optional Дата с (YYYY-MM-DD) Example: 2025-09-01; date_to string optional Дата по (YYYY-MM-DD) Example: 2025-09-31; without_pagination boolean optional Без пагинации Example: false,"page integer optional Поле ""value"" должно быть не менее 1. Example: 30; per_page integer optional Поле ""value"" должно быть не менее 1. Поле ""value"" должно быть не больше 100. Example: 21; status string optional Example: succeeded Must be one of: succeeded failed pending waiting_for_capture canceled; date_from string optional Поле ""value"" не является датой. Must be a valid date in the format Y-m-d. Example: 2025-11-01; date_to string optional Поле ""value"" не является датой. Must be a valid date in the format Y-m-d. Поле ""value"" должно быть датой после или равной ""date_from"". Example: 2115-04-05; without_pagination boolean optional Example: false",Bearer Token,"{""data"": [{""id"": 1, ""date"": ""2023-10-01T12:00:00Z"", ""payment_method"": ""Visa ***4242"", ""tariff"": ""srm-srm"", ""amount"": ""1000.00"", ""status"": ""succeeded""}], ""meta"": {""current_page"": 1, ""per_page"": 20, ""total"": 100}}"
api/company,GET,Get company info,Authorization: Bearer {YOUR_AUTH_KEY}; Content-Type: application/json; Accept: application/json,,,Bearer Token,"{""data"": {""id"": 1, ""niche"": {""id"": 1, ""name"": ""niche""}, ""region"": {""id"": 1, ""name"": ""Республика Адыгея""}, ""logo_url"": null, ""name"": ""111"", ""name_full"": ""Название полное"", ""inn"": ""123123"", ""kpp"": ""123123"", ""address_legal"": ""asdasfcsadvf dfggf"", ""status"": ""active"", ""created_at"": ""2025-09-16T11:23:05.000000Z"", ""updated_at"": ""2025-10-31T21:27:09.000000Z"", ""tariff"": ""srm-srm"", ""subscriptions_exists"": true, ""department_id_default"": 1}}"
api/company,POST,Create or update company,Authorization: Bearer {YOUR_AUTH_KEY}; Content-Type: multipart/form-data; Accept: application/json,,"logo file optional Must be a file. Поле ""value"" должно быть изображением. Поле ""value"" должно быть не больше 1000 Килобайт. Example: /tmp/php5qmb5sco0m8k6mcknLH; name string optional Поле ""value"" должно быть не длиннее 255 символов. Example: scwnwxdfmluyd; niche_id integer optional The id of an existing record in the niches table. Example: 6; region_id integer optional Example: 12; name_full string optional Поле ""value"" должно быть не длиннее 255 символов. Example: zaurwsumcdwe; inn string optional Поле ""value"" должно быть не короче 10 символов. Поле ""value"" должно быть не длиннее 12 символов. Example: huarb; kpp string optional Поле ""value"" должно быть длиной 9 символов. Example: qanbczhrt; address_legal string optional Поле ""value"" должно быть не длиннее 255 символов. Example: fw",Bearer Token,"{""data"": {""id"": 1, ""niche"": {""id"": 1, ""name"": ""niche""}, ""region"": {""id"": 1, ""name"": ""Республика Адыгея""}, ""logo_url"": null, ""name"": ""111"", ""name_full"": ""Название полное"", ""inn"": ""123123"", ""kpp"": ""123123"", ""address_legal"": ""asdasfcsadvf dfggf"", ""status"": ""active"", ""created_at"": ""2025-09-16T11:23:05.000000Z"", ""updated_at"": ""2025-10-31T21:27:09.000000Z"", ""tariff"": ""srm-srm"", ""subscriptions_exists"": true}}"
api/company/dashboard,GET,Get company dashboard,Authorization: Bearer {YOUR_AUTH_KEY}; Content-Type: application/json; Accept: application/json,,,Bearer Token,"{""funnel_stages"": [{""stage"": ""fact_leads_count"", ""name"": ""Новых лидов взято в работу, шт."", ""sort"": 1}], ""funnel_stages_conversions"": [{""type"": ""main"", ""stage_divisor"": ""fact_leads_count"", ""stage_divided"": ""fact_payments_count""}], ""departments"": [{""id"": 1, ""name"": ""depName"", ""funnel_stages"": [{""stage"": ""fact_leads_count"", ""name"": ""Новых лидов взято в работу, шт."", ""sort"": 1}], ""funnel_stages_conversions"": [{""type"": ""main"", ""stage_divisor"": ""fact_leads_count"", ""stage_divided"": ""fact_payments_count""}], ""leads_enabled"": true}]}"
api/company/dashboard,PATCH,Update company dashboard,Authorization: Bearer {YOUR_AUTH_KEY}; Content-Type: application/json; Accept: application/json,,funnel_stages_conversions string[] optional; departments string[] optional,Bearer Token,ok
api/departments/{id}/dashboard,GET,Get department dashboard,Authorization: Bearer {YOUR_AUTH_KEY}; Content-Type: application/json; Accept: application/json,id string The ID of the department. Example: enim,,Bearer Token,"{""department_is_hidden"": false, ""funnel_stages"": [{""stage"": ""fact_leads_count"", ""name"": ""Новых лидов взято в работу, шт."", ""sort"": 1}], ""funnel_stages_conversions"": [{""id"": 1, ""type"": ""main"", ""stage_divisor"": ""fact_leads_count"", ""stage_divided"": ""fact_payments_count""}], ""activities"": [{""id"": 1, ""name"": ""Позвонить"", ""for_mop"": false}], ""calls_ratings_enabled"": false, ""weekdays_schedule"": ""5days""}"
api/departments/{id}/dashboard,PATCH,Update department dashboard,Authorization: Bearer {YOUR_AUTH_KEY}; Content-Type: application/json; Accept: application/json,id string The ID of the department. Example: exercitationem,calls_ratings_enabled boolean optional Example: true; weekdays_schedule string Example: 5days Must be one of: 5days 7days,Bearer Token,ok
api/departments/{id}/dashboard/funnel-stages,PATCH,Update funnel stages for department,Authorization: Bearer {YOUR_AUTH_KEY}; Content-Type: application/json; Accept: application/json,id string The ID of the department. Example: adipisci,funnel_stages object[],Bearer Token,ok
api/departments/{id}/dashboard/funnel-stages-conversions,PATCH,Update funnel stages conversions for department,Authorization: Bearer {YOUR_AUTH_KEY}; Content-Type: application/json; Accept: application/json,id string The ID of the department.,funnel_stages_conversions object[],Bearer Token,ok
,,,,,,,
api/departments/{id}/dashboard/activities,PATCH,"Update activities for department. Activities. В массиве должен приходить полный набор актуальных активностей(объектов). Если объект содержит id - активность с соотв. id будет обновлена. Если объект не содержит id - активность будет создана. Если в БД есть активности, но их id не пришел в запросе - они будут удалены.",Authorization: Bearer {YOUR_AUTH_KEY}; Content-Type: application/json; Accept: application/json,id string The ID of the department. Example: minima,"activities object[] Поле ""value"" должно содержать не более 5 элементов.",Bearer Token,ok
api/data,GET,Get data,Authorization: Bearer {YOUR_AUTH_KEY}; Content-Type: application/json; Accept: application/json,"department_id integer optional Example: 12; user_id integer optional Example: 5; date_from string optional Must be a valid date in the format Y-m-d. Example: 2025-11-01; date_to string optional Must be a valid date in the format Y-m-d. Поле ""value"" должно быть датой после ""date_from"". Example: 2041-05-01",,Bearer Token,"[{""indicator"": ""fact_payments_amount"", ""user"": {""id"": 1, ""name"": ""master m. m.""}, ""activity"": { ""id"": 1, ""name"": ""activity1"" }, ""avg_month_year"": 123, ""avg_day_month(optional)"": 321, ""data"": [{""date_start"": ""2025-06-01"", ""date_end"": ""2025-06-30"", ""count"": 49, ""value"": 10362, ""id"": null, ""confirmed"": null, ""month"": ""2025-06"", ""weeks"": [{""date_start"": ""2025-06-01"", ""date_end"": ""2025-06-01"", ""count"": 3, ""value"": 536, ""id"": null, ""confirmed"": null, ""week"": ""2025-06-W22"", ""days"": [{""date"": ""2025-06-01"", ""value"": 536, ""count"": 3, ""period"": null, ""id"": null, ""confirmed"": null, }]}]}]}, {""indicator"": ""plan_payments_amount"", ""..."": ""...""}]"
api/data/input/check,POST,Check data input,Authorization: Bearer {YOUR_AUTH_KEY}; Content-Type: application/json; Accept: application/json,,data object[],Bearer Token,"{""data"": [{""indicator"": ""plan_payments_amount"", ""department_id"": ""?int справочно"", ""activity_id"": ""?int справочно для идентификации поля"", ""user_id"": ""?int справочно для идентификации поля"", ""validation_errors"": [], ""auth_success"": true, ""schedule_success"": true, ""consistency_success"": false}, {""indicator"": ""plan_activities_count"", ""department_id"": ""?int"", ""activity_id"": ""?int"", ""user_id"": ""?int"", ""validation_errors"": [], ""auth_success"": true, ""schedule_success"": true, ""consistency_success"": false}]}"
api/data/input/save,POST,"Save data input. Входные данные те же, что и у api/data/input/check",Authorization: Bearer {YOUR_AUTH_KEY}; Content-Type: application/json; Accept: application/json,,,Bearer Token,[]
api/data/plan-payments-amount,POST,Create plan payments amount,Authorization: Bearer {YOUR_AUTH_KEY}; Content-Type: application/json; Accept: application/json,,department_id integer optional Example: 18; user_id integer optional Example: 15; date string. optional Example: 2025-01-01; value integer Example: 6; confirmed boolean Example: true,Bearer Token,"{""data"": {""id"": 47, ""company_id"": 1, ""department_id"": null, ""user_id"": null, ""creator_id"": null, ""period"": ""month"", ""date"": ""2025-09-29T21:00:00.000000Z"", ""value"": 3500000, ""created_at"": ""2025-10-13T15:26:07.000000Z"", ""updated_at"": ""2025-10-13T15:26:07.000000Z"", ""confirmed"": false}}"
api/data/plan-payments-amount/{id},PATCH,Update plan payments amount,Authorization: Bearer {YOUR_AUTH_KEY}; Content-Type: application/json; Accept: application/json,id string The ID of the plan payments amount. Example: minima,value integer optional Example: 14; confirmed boolean optional Example: true,Bearer Token,"{""data"": {""id"": 47, ""company_id"": 1, ""department_id"": null, ""user_id"": null, ""creator_id"": null, ""period"": ""month"", ""date"": ""2025-09-29T21:00:00.000000Z"", ""value"": 3500000, ""created_at"": ""2025-10-13T15:26:07.000000Z"", ""updated_at"": ""2025-10-13T15:26:07.000000Z"", ""confirmed"": false}}"
api/data/plan-payments-amount/{id},DELETE,Delete plan payments amount,Authorization: Bearer {YOUR_AUTH_KEY}; Content-Type: application/json; Accept: application/json,id string The ID of the plan payments amount. Example: sequi,,Bearer Token,"{""data"": {""id"": 47, ""company_id"": 1, ""department_id"": null, ""user_id"": null, ""creator_id"": null, ""period"": ""month"", ""date"": ""2025-09-29T21:00:00.000000Z"", ""value"": 3500000, ""created_at"": ""2025-10-13T15:26:07.000000Z"", ""updated_at"": ""2025-10-13T15:26:07.000000Z"", ""confirmed"": false}}"
api/data/plan-leads-count,POST,Create plan leads count,Authorization: Bearer {YOUR_AUTH_KEY}; Content-Type: application/json; Accept: application/json,,department_id integer optional Example: 12; date string. optional Example: 2025-01-01; value integer Example: 10; confirmed boolean Example: true,Bearer Token,"{""data"": {""id"": 50, ""company_id"": 1, ""department_id"": null, ""user_id"": null, ""creator_id"": null, ""period"": ""month"", ""date"": ""2025-09-29T21:00:00.000000Z"", ""value"": 150, ""created_at"": ""2025-10-13T15:26:07.000000Z"", ""updated_at"": ""2025-10-13T15:26:07.000000Z"", ""confirmed"": false}}"
api/data/plan-leads-count/{id},PATCH,Update plan leads count,Authorization: Bearer {YOUR_AUTH_KEY}; Content-Type: application/json; Accept: application/json,id string The ID of the plan leads count. Example: necessitatibus,value integer optional Example: 19; confirmed boolean optional Example: false,Bearer Token,"{""data"": {""id"": 50, ""company_id"": 1, ""department_id"": null, ""user_id"": null, ""creator_id"": null, ""period"": ""month"", ""date"": ""2025-09-29T21:00:00.000000Z"", ""value"": 150, ""created_at"": ""2025-10-13T15:26:07.000000Z"", ""updated_at"": ""2025-10-13T15:26:07.000000Z"", ""confirmed"": false}}"
api/data/plan-leads-count/{id},DELETE,Delete plan leads count,Authorization: Bearer {YOUR_AUTH_KEY}; Content-Type: application/json; Accept: application/json,id string The ID of the plan leads count. Example: consectetur,,Bearer Token,"{""data"": {""id"": 50, ""company_id"": 1, ""department_id"": null, ""user_id"": null, ""creator_id"": null, ""period"": ""month"", ""date"": ""2025-09-29T21:00:00.000000Z"", ""value"": 150, ""created_at"": ""2025-10-13T15:26:07.000000Z"", ""updated_at"": ""2025-10-13T15:26:07.000000Z"", ""confirmed"": false}}"
api/data/fact-employees-count,POST,Create fact employees count,Authorization: Bearer {YOUR_AUTH_KEY}; Content-Type: application/json; Accept: application/json,,department_id integer optional Example: 13; date string. optional Example: 2025-01-01; value integer Example: 18; confirmed boolean Example: false,Bearer Token,"{""data"": {""id"": 50, ""company_id"": 1, ""department_id"": null, ""user_id"": null, ""creator_id"": null, ""period"": ""month"", ""date"": ""2025-09-29T21:00:00.000000Z"", ""value"": 8, ""created_at"": ""2025-10-13T15:26:07.000000Z"", ""updated_at"": ""2025-10-13T15:26:07.000000Z"", ""confirmed"": false}}"
api/data/fact-employees-count/{id},PATCH,Update fact employees count,Authorization: Bearer {YOUR_AUTH_KEY}; Content-Type: application/json; Accept: application/json,id string The ID of the fact employees count. Example: ea,value integer optional Example: 13; confirmed boolean optional Example: true,Bearer Token,"{""data"": {""id"": 50, ""company_id"": 1, ""department_id"": null, ""user_id"": null, ""creator_id"": null, ""period"": ""month"", ""date"": ""2025-09-29T21:00:00.000000Z"", ""value"": 8, ""created_at"": ""2025-10-13T15:26:07.000000Z"", ""updated_at"": ""2025-10-13T15:26:07.000000Z"", ""confirmed"": false}}"
api/data/fact-employees-count/{id},DELETE,Delete fact employees count,Authorization: Bearer {YOUR_AUTH_KEY}; Content-Type: application/json; Accept: application/json,id string The ID of the fact employees count. Example: autem,,Bearer Token,"{""data"": {""id"": 50, ""company_id"": 1, ""department_id"": null, ""user_id"": null, ""creator_id"": null, ""period"": ""month"", ""date"": ""2025-09-29T21:00:00.000000Z"", ""value"": 8, ""created_at"": ""2025-10-13T15:26:07.000000Z"", ""updated_at"": ""2025-10-13T15:26:07.000000Z"", ""confirmed"": false}}"
api/data/fact-payments-amount,POST,Create fact payments amount,Authorization: Bearer {YOUR_AUTH_KEY}; Content-Type: application/json; Accept: application/json,,department_id integer optional Example: 14; user_id integer optional Example: 17; period string Example: week Must be one of: day week; date string. optional Example: 2025-01-01; value integer Example: 9,Bearer Token,"{""data"": {""id"": 665, ""company_id"": 1, ""department_id"": null, ""user_id"": null, ""creator_id"": null, ""period"": ""week"", ""date"": ""2025-09-27T21:00:00.000000Z"", ""value"": 975000, ""created_at"": ""2025-10-13T15:26:07.000000Z"", ""updated_at"": ""2025-10-13T15:26:07.000000Z""}}"
api/data/fact-payments-amount/{id},PATCH,Update fact payments amount,Authorization: Bearer {YOUR_AUTH_KEY}; Content-Type: application/json; Accept: application/json,id string The ID of the fact payments amount. Example: autem,value integer optional Example: 6,Bearer Token,"{""data"": {""id"": 665, ""company_id"": 1, ""department_id"": null, ""user_id"": null, ""creator_id"": null, ""period"": ""week"", ""date"": ""2025-09-27T21:00:00.000000Z"", ""value"": 975000, ""created_at"": ""2025-10-13T15:26:07.000000Z"", ""updated_at"": ""2025-10-13T15:26:07.000000Z""}}"
api/data/fact-payments-amount/{id},DELETE,Delete fact payments amount,Authorization: Bearer {YOUR_AUTH_KEY}; Content-Type: application/json; Accept: application/json,id string The ID of the fact payments amount. Example: quia,,Bearer Token,"{""data"": {""id"": 665, ""company_id"": 1, ""department_id"": null, ""user_id"": null, ""creator_id"": null, ""period"": ""week"", ""date"": ""2025-09-27T21:00:00.000000Z"", ""value"": 975000, ""created_at"": ""2025-10-13T15:26:07.000000Z"", ""updated_at"": ""2025-10-13T15:26:07.000000Z""}}"
api/data/plan-payments-daily-amount,POST,Create plan payments daily amount,Authorization: Bearer {YOUR_AUTH_KEY}; Content-Type: application/json; Accept: application/json,,department_id integer optional Example: 4; user_id integer optional Example: 2; date string. optional Example: 2025-01-01; value integer Example: 19,Bearer Token,"{""data"": {""id"": null, ""company_id"": null, ""department_id"": null, ""user_id"": null, ""creator_id"": null, ""period"": null, ""date"": null, ""value"": null, ""created_at"": null, ""updated_at"": null}}"
api/data/plan-payments-daily-amount/{id},PATCH,Update plan payments daily amount,Authorization: Bearer {YOUR_AUTH_KEY}; Content-Type: application/json; Accept: application/json,id string The ID of the plan payments daily amount. Example: quo,value integer optional Example: 13,Bearer Token,"{""data"": {""id"": null, ""company_id"": null, ""department_id"": null, ""user_id"": null, ""creator_id"": null, ""period"": null, ""date"": null, ""value"": null, ""created_at"": null, ""updated_at"": null}}"
api/data/plan-payments-daily-amount/{id},DELETE,Delete plan payments daily amount,Authorization: Bearer {YOUR_AUTH_KEY}; Content-Type: application/json; Accept: application/json,id string The ID of the plan payments daily amount. Example: adipisci,,Bearer Token,"{""data"": {""id"": null, ""company_id"": null, ""department_id"": null, ""user_id"": null, ""creator_id"": null, ""period"": null, ""date"": null, ""value"": null, ""created_at"": null, ""updated_at"": null}}"
api/data/plan-activity-count,POST,Create plan activity count,Authorization: Bearer {YOUR_AUTH_KEY}; Content-Type: application/json; Accept: application/json,,activity_id integer optional Example: 17; user_id integer optional Example: 3; period string Example: week Must be one of: day week; date string. optional Example: 2025-01-01; value integer Example: 12,Bearer Token,"{""data"": {""id"": null, ""activity_id"": null, ""user_id"": null, ""creator_id"": null, ""period"": null, ""date"": null, ""value"": null, ""created_at"": null, ""updated_at"": null}}"
api/data/plan-activity-count/{id},PATCH,Update plan activity count,Authorization: Bearer {YOUR_AUTH_KEY}; Content-Type: application/json; Accept: application/json,id string The ID of the plan activity count. Example: esse,value integer optional Example: 16,Bearer Token,"{""data"": {""id"": null, ""activity_id"": null, ""user_id"": null, ""creator_id"": null, ""period"": null, ""date"": null, ""value"": null, ""created_at"": null, ""updated_at"": null}}"
api/data/plan-activity-count/{id},DELETE,Delete plan activity count,Authorization: Bearer {YOUR_AUTH_KEY}; Content-Type: application/json; Accept: application/json,id string The ID of the plan activity count. Example: minima,,Bearer Token,"{""data"": {""id"": null, ""activity_id"": null, ""user_id"": null, ""creator_id"": null, ""period"": null, ""date"": null, ""value"": null, ""created_at"": null, ""updated_at"": null}}"
api/data/fact-activity-count,POST,Create fact activity count,Authorization: Bearer {YOUR_AUTH_KEY}; Content-Type: application/json; Accept: application/json,,activity_id integer optional Example: 3; user_id integer optional Example: 1; period string Example: week Must be one of: day week; date string. optional Example: 2025-01-01; value integer Example: 16,Bearer Token,"{""data"": {""id"": 1, ""activity_id"": 2, ""user_id"": null, ""creator_id"": null, ""period"": ""day"", ""date"": ""2025-10-13T21:00:00.000000Z"", ""value"": 10, ""created_at"": null, ""updated_at"": null}}"
api/data/fact-activity-count/{id},PATCH,Update fact activity count,Authorization: Bearer {YOUR_AUTH_KEY}; Content-Type: application/json; Accept: application/json,id string The ID of the fact activity count. Example: assumenda,value integer optional Example: 11,Bearer Token,"{""data"": {""id"": 1, ""activity_id"": 2, ""user_id"": null, ""creator_id"": null, ""period"": ""day"", ""date"": ""2025-10-13T21:00:00.000000Z"", ""value"": 10, ""created_at"": null, ""updated_at"": null}}"
api/data/fact-activity-count/{id},DELETE,Delete fact activity count,Authorization: Bearer {YOUR_AUTH_KEY}; Content-Type: application/json; Accept: application/json,id string The ID of the fact activity count. Example: aut,,Bearer Token,"{""data"": {""id"": 1, ""activity_id"": 2, ""user_id"": null, ""creator_id"": null, ""period"": ""day"", ""date"": ""2025-10-13T21:00:00.000000Z"", ""value"": 10, ""created_at"": null, ""updated_at"": null}}"
api/data/fact-call-rating,POST,Create fact call rating,Authorization: Bearer {YOUR_AUTH_KEY}; Content-Type: application/json; Accept: application/json,,department_id integer Example: 8; user_id integer optional Example: 4; period string Example: month Must be one of: day week month; date string. optional Example: 2025-01-01; value integer Example: 2,Bearer Token,"{""data"": {""id"": null, ""company_id"": null, ""department_id"": null, ""user_id"": null, ""creator_id"": null, ""period"": null, ""date"": null, ""value"": null, ""created_at"": null, ""updated_at"": null}}"
api/data/fact-call-rating/{id},PATCH,Update fact call rating,Authorization: Bearer {YOUR_AUTH_KEY}; Content-Type: application/json; Accept: application/json,id string The ID of the fact call rating. Example: sunt,value integer optional Example: 2,Bearer Token,"{""data"": {""id"": null, ""company_id"": null, ""department_id"": null, ""user_id"": null, ""creator_id"": null, ""period"": null, ""date"": null, ""value"": null, ""created_at"": null, ""updated_at"": null}}"
api/data/fact-call-rating/{id},DELETE,Delete fact call rating,Authorization: Bearer {YOUR_AUTH_KEY}; Content-Type: application/json; Accept: application/json,id string The ID of the fact call rating. Example: rerum,,Bearer Token,"{""data"": {""id"": null, ""company_id"": null, ""department_id"": null, ""user_id"": null, ""creator_id"": null, ""period"": null, ""date"": null, ""value"": null, ""created_at"": null, ""updated_at"": null}}"
api/data/fact-leads-count,POST,Create fact leads count,Authorization: Bearer {YOUR_AUTH_KEY}; Content-Type: application/json; Accept: application/json,,department_id integer optional Example: 5; user_id integer optional Example: 16; period string Example: day Must be one of: day week; date string. optional Example: 2025-01-01; value integer Example: 19,Bearer Token,"{""data"": {""id"": 572, ""company_id"": 1, ""department_id"": null, ""user_id"": null, ""creator_id"": null, ""period"": ""week"", ""date"": ""2025-09-27T21:00:00.000000Z"", ""value"": 29, ""created_at"": ""2025-10-13T15:26:07.000000Z"", ""updated_at"": ""2025-10-13T15:26:07.000000Z""}}"
api/data/fact-leads-count/{id},PATCH,Update fact leads count,Authorization: Bearer {YOUR_AUTH_KEY}; Content-Type: application/json; Accept: application/json,id string The ID of the fact leads count. Example: est,value integer optional Example: 18,Bearer Token,"{""data"": {""id"": 572, ""company_id"": 1, ""department_id"": null, ""user_id"": null, ""creator_id"": null, ""period"": ""week"", ""date"": ""2025-09-27T21:00:00.000000Z"", ""value"": 29, ""created_at"": ""2025-10-13T15:26:07.000000Z"", ""updated_at"": ""2025-10-13T15:26:07.000000Z""}}"
api/data/fact-leads-count/{id},DELETE,Delete fact leads count,Authorization: Bearer {YOUR_AUTH_KEY}; Content-Type: application/json; Accept: application/json,id string The ID of the fact leads count. Example: qui,,Bearer Token,"{""data"": {""id"": 572, ""company_id"": 1, ""department_id"": null, ""user_id"": null, ""creator_id"": null, ""period"": ""week"", ""date"": ""2025-09-27T21:00:00.000000Z"", ""value"": 29, ""created_at"": ""2025-10-13T15:26:07.000000Z"", ""updated_at"": ""2025-10-13T15:26:07.000000Z""}}"
api/data/fact-leads-qualified-count,POST,Create fact leads qualified count,Authorization: Bearer {YOUR_AUTH_KEY}; Content-Type: application/json; Accept: application/json,,department_id integer Example: 9; user_id integer optional Example: 5; period string Example: day Must be one of: day week; date string. optional Example: 2025-01-01; value integer Example: 12,Bearer Token,"{""data"": {""id"": null, ""company_id"": null, ""department_id"": null, ""user_id"": null, ""creator_id"": null, ""period"": null, ""date"": null, ""value"": null, ""created_at"": null, ""updated_at"": null}}"
api/data/fact-leads-qualified-count/{id},PATCH,Update fact leads qualified count,Authorization: Bearer {YOUR_AUTH_KEY}; Content-Type: application/json; Accept: application/json,id string The ID of the fact leads qualified count. Example: ad,value integer optional Example: 11,Bearer Token,"{""data"": {""id"": null, ""company_id"": null, ""department_id"": null, ""user_id"": null, ""creator_id"": null, ""period"": null, ""date"": null, ""value"": null, ""created_at"": null, ""updated_at"": null}}"
api/data/fact-leads-qualified-count/{id},DELETE,Delete fact leads qualified count,Authorization: Bearer {YOUR_AUTH_KEY}; Content-Type: application/json; Accept: application/json,id string The ID of the fact leads qualified count. Example: id,,Bearer Token,"{""data"": {""id"": null, ""company_id"": null, ""department_id"": null, ""user_id"": null, ""creator_id"": null, ""period"": null, ""date"": null, ""value"": null, ""created_at"": null, ""updated_at"": null}}"
api/data/fact-meetings-count,POST,Create fact meetings count,Authorization: Bearer {YOUR_AUTH_KEY}; Content-Type: application/json; Accept: application/json,,department_id integer Example: 13; user_id integer optional Example: 5; period string Example: week Must be one of: day week; date string. optional Example: 2025-01-01; value integer Example: 4,Bearer Token,"{""data"": {""id"": null, ""company_id"": null, ""department_id"": null, ""user_id"": null, ""creator_id"": null, ""period"": null, ""date"": null, ""value"": null, ""created_at"": null, ""updated_at"": null}}"
api/data/fact-meetings-count/{id},PATCH,Update fact meetings count,Authorization: Bearer {YOUR_AUTH_KEY}; Content-Type: application/json; Accept: application/json,id string The ID of the fact meetings count. Example: ab,value integer optional Example: 18,Bearer Token,"{""data"": {""id"": null, ""company_id"": null, ""department_id"": null, ""user_id"": null, ""creator_id"": null, ""period"": null, ""date"": null, ""value"": null, ""created_at"": null, ""updated_at"": null}}"
api/data/fact-meetings-count/{id},DELETE,Delete fact meetings count,Authorization: Bearer {YOUR_AUTH_KEY}; Content-Type: application/json; Accept: application/json,id string The ID of the fact meetings count. Example: necessitatibus,,Bearer Token,"{""data"": {""id"": null, ""company_id"": null, ""department_id"": null, ""user_id"": null, ""creator_id"": null, ""period"": null, ""date"": null, ""value"": null, ""created_at"": null, ""updated_at"": null}}"
api/data/fact-invoices-count,POST,Create fact invoices count,Authorization: Bearer {YOUR_AUTH_KEY}; Content-Type: application/json; Accept: application/json,,department_id integer Example: 8; user_id integer optional Example: 1; period string Example: week Must be one of: day week; date string. optional Example: 2025-01-01; value integer Example: 10,Bearer Token,"{""data"": {""id"": null, ""company_id"": null, ""department_id"": null, ""user_id"": null, ""creator_id"": null, ""period"": null, ""date"": null, ""value"": null, ""created_at"": null, ""updated_at"": null}}"
api/data/fact-invoices-count/{id},PATCH,Update fact invoices count,Authorization: Bearer {YOUR_AUTH_KEY}; Content-Type: application/json; Accept: application/json,id string The ID of the fact invoices count. Example: molestiae,value integer optional Example: 19,Bearer Token,"{""data"": {""id"": null, ""company_id"": null, ""department_id"": null, ""user_id"": null, ""creator_id"": null, ""period"": null, ""date"": null, ""value"": null, ""created_at"": null, ""updated_at"": null}}"
api/data/fact-invoices-count/{id},DELETE,Delete fact invoices count,Authorization: Bearer {YOUR_AUTH_KEY}; Content-Type: application/json; Accept: application/json,id string The ID of the fact invoices count. Example: maxime,,Bearer Token,"{""data"": {""id"": null, ""company_id"": null, ""department_id"": null, ""user_id"": null, ""creator_id"": null, ""period"": null, ""date"": null, ""value"": null, ""created_at"": null, ""updated_at"": null}}"
api/data/fact-payments-count,POST,Create fact payments count,Authorization: Bearer {YOUR_AUTH_KEY}; Content-Type: application/json; Accept: application/json,,department_id integer optional Example: 8; user_id integer optional Example: 11; period string Example: week Must be one of: day week; date string. optional Example: 2025-01-01; value integer Example: 17,Bearer Token,"{""data"": {""id"": 619, ""company_id"": 1, ""department_id"": null, ""user_id"": null, ""creator_id"": null, ""period"": ""week"", ""date"": ""2025-09-27T21:00:00.000000Z"", ""value"": 8, ""created_at"": ""2025-10-13T15:26:07.000000Z"", ""updated_at"": ""2025-10-13T15:26:07.000000Z""}}"
api/data/fact-payments-count/{id},PATCH,Update fact payments count,Authorization: Bearer {YOUR_AUTH_KEY}; Content-Type: application/json; Accept: application/json,id string The ID of the fact payments count. Example: labore,value integer optional Example: 11,Bearer Token,"{""data"": {""id"": 619, ""company_id"": 1, ""department_id"": null, ""user_id"": null, ""creator_id"": null, ""period"": ""week"", ""date"": ""2025-09-27T21:00:00.000000Z"", ""value"": 8, ""created_at"": ""2025-10-13T15:26:07.000000Z"", ""updated_at"": ""2025-10-13T15:26:07.000000Z""}}"
api/data/fact-payments-count/{id},DELETE,Delete fact payments count,Authorization: Bearer {YOUR_AUTH_KEY}; Content-Type: application/json; Accept: application/json,id string The ID of the fact payments count. Example: sit,,Bearer Token,"{""data"": {""id"": 619, ""company_id"": 1, ""department_id"": null, ""user_id"": null, ""creator_id"": null, ""period"": ""week"", ""date"": ""2025-09-27T21:00:00.000000Z"", ""value"": 8, ""created_at"": ""2025-10-13T15:26:07.000000Z"", ""updated_at"": ""2025-10-13T15:26:07.000000Z""}}"
api/departments,GET,Get departments,Authorization: Bearer {YOUR_AUTH_KEY}; Content-Type: application/json; Accept: application/json,"name string optional Поле ""value"" должно быть не короче 3 символов. Поле ""value"" должно быть не длиннее 255 символов. Example: q; is_hidden boolean optional Example: false; without_pagination boolean optional Example: true",,Bearer Token,"{""data"": {""id"": 1, ""name"": ""111"", ""is_hidden"": false, ""status"": ""active"", ""created_at"": null, ""updated_at"": ""2025-10-14T18:32:25.000000Z"", ""rop"": null}}"
api/departments/{id},GET,Get department,Authorization: Bearer {YOUR_AUTH_KEY}; Content-Type: application/json; Accept: application/json,id string The ID of the department. Example: fuga,,Bearer Token,"{""data"": {""id"": 1, ""name"": ""111"", ""is_hidden"": false, ""status"": ""active"", ""created_at"": null, ""updated_at"": ""2025-10-14T18:32:25.000000Z"", ""rop"": null, ""mops"": []}}"
api/departments,POST,Create department,Authorization: Bearer {YOUR_AUTH_KEY}; Content-Type: application/json; Accept: application/json,,"name string Поле ""value"" должно быть не длиннее 255 символов. Example: rzdjsnqqsommozgrjqiqu; rop_id integer optional Example: 2; mops_ids integer[]",Bearer Token,"{""data"": {""id"": 1, ""name"": ""111"", ""is_hidden"": false, ""status"": ""active"", ""created_at"": null, ""updated_at"": ""2025-10-14T18:32:25.000000Z"", ""rop"": null, ""mops"": []}}"
api/departments/{id},PATCH,Update department,Authorization: Bearer {YOUR_AUTH_KEY}; Content-Type: application/json; Accept: application/json,id string The ID of the department. Example: est,"name string optional Поле ""value"" должно быть не длиннее 255 символов. Example: mbwhha; is_hidden boolean optional Example: false; status string Example: block Must be one of: active block; rop_id integer optional Example: 14; mops_ids integer[]",Bearer Token,"{""data"": {""id"": 1, ""name"": ""111"", ""is_hidden"": false, ""status"": ""active"", ""created_at"": null, ""updated_at"": ""2025-10-14T18:32:25.000000Z"", ""rop"": null, ""mops"": []}}"
api/departments/{id},DELETE,Delete department,Authorization: Bearer {YOUR_AUTH_KEY}; Content-Type: application/json; Accept: application/json,id string The ID of the department. Example: aliquam,,Bearer Token,"{""data"": {""id"": 1, ""name"": ""111"", ""is_hidden"": false, ""status"": ""active"", ""created_at"": null, ""updated_at"": ""2025-10-14T18:32:25.000000Z"", ""rop"": null, ""mops"": []}}"
api/feedback,POST,Send feedback,Authorization: Bearer {YOUR_AUTH_KEY}; Content-Type: multipart/form-data; Accept: application/json,,"contact string Поле ""value"" должно быть не длиннее 255 символов. Example: nlxgagpghcjhjw; message string Поле ""value"" должно быть не короче 1 символов. Поле ""value"" должно быть не длиннее 5000 символов. Example: rjzkzfsggq; files file[] optional Must be a file. Поле ""value"" должно быть не больше 5120 Килобайт.",Bearer Token,
api/file/{disk}/{filepath?},GET,Get file,Authorization: Bearer {YOUR_AUTH_KEY}; Content-Type: application/json; Accept: application/json,disk string Example: harum; filepath string optional Example: 0hM,,Bearer Token,
api/invoices,GET,Get invoices,Authorization: Bearer {YOUR_AUTH_KEY}; Content-Type: application/json; Accept: application/json,,,Bearer Token,"{""data"": {""id"": null, ""amount"": null, ""file_url"": null, ""is_accrued"": null, ""created_at"": null, ""updated_at"": null}}"
api/invoices,POST,Create invoice,Authorization: Bearer {YOUR_AUTH_KEY}; Content-Type: application/json; Accept: application/json,,amount integer Example: 3,Bearer Token,"{""data"": {""id"": null, ""amount"": null, ""file_url"": null, ""is_accrued"": null, ""created_at"": null, ""updated_at"": null}}"
api/logs,GET,Get logs,Authorization: Bearer {YOUR_AUTH_KEY}; Content-Type: application/json; Accept: application/json,date_from date Example: 2025-01-01; date_to date Example: 2025-01-01; types string[] see api/reference/log-types; departments_ids integer[] optional; users_ids integer[] optional,,Bearer Token,"{""data"": {""id"": 1, ""department"": null, ""type"": ""niche-create"", ""type_name"": ""Ниша, создание"", ""description"": ""Создание ниши #1 (niche)"", ""initiator_name"": null, ""changes"": {""old"": {""Название"": null}, ""new"": {""Название"": ""niche""}}, ""created_at"": ""2025-09-16T07:35:01.000000Z""}}"
api/telegram-hook,POST,Telegram hook,Content-Type: application/json; Accept: application/json,,,No,
api/notifications,GET,"Get notifications. Если настройка существует, то отдается объект {""chat_id"", ""time"", ""active""}. Если нет,то null.",Authorization: Bearer {YOUR_AUTH_KEY}; Content-Type: application/json; Accept: application/json,,,Bearer Token,"{""data"": {""personal_setting"": {""chat_id"": ""123123"", ""time"": ""12:00"", ""active"": true}, ""departments"": [{""department"": {""id"": 1, ""name"": ""отдел""}, ""setting"": {""chat_id"": 123123, ""time"": ""12:00"", ""active"": true}}]}}"
api/notifications,PATCH,"Update notifications. Если настройка персональная (админ или роп), то department_id не должен передаваться. Если по отделу, то передается.",Authorization: Bearer {YOUR_AUTH_KEY}; Content-Type: application/json; Accept: application/json,,department_id integer optional Example: 8; time string optional Must be a valid date in the format H:i. Example: 00:43; chat_id number optional Example: 273.19733826,Bearer Token,"{""data"": {""chat_id"": null, ""time"": """", ""active"": null}}"
api/notifications,DELETE,Delete notifications,Authorization: Bearer {YOUR_AUTH_KEY}; Content-Type: application/json; Accept: application/json,,department_id integer optional Example: 5,Bearer Token,{}
api/reference,GET,Get reference,Authorization: Bearer {YOUR_AUTH_KEY}; Content-Type: application/json; Accept: application/json,,,Bearer Token,"{""data"": {""regions"": [{""id"": 22, ""name"": ""Алтайский край""}, {""id"": ""..."", ""name"": ""...""}], ""niches"": [{""id"": 1, ""name"": ""niche1""}]}}"
api/reference/videos,GET,Get reference videos,Authorization: Bearer {YOUR_AUTH_KEY}; Content-Type: application/json; Accept: application/json,,,Bearer Token,"{""data"": {""video_intro"": {""path"": ""video_intro.mpg"", ""ui_name"": ""Название""}, ""..."": {...}}}"
api/reference/log-types,GET,Get reference log types,Authorization: Bearer {YOUR_AUTH_KEY}; Content-Type: application/json; Accept: application/json,,,Bearer Token,"{""data"": {""niche-create"": ""Ниша, создание"", ""niche-update"": ""Ниша, редактирование"", ""niche-delete"": ""Ниша, удаление""}}"
api/reference/states-finish-content,GET,Get reference states finish content,Authorization: Bearer {YOUR_AUTH_KEY}; Content-Type: application/json; Accept: application/json,,,Bearer Token,"{""data"": {""name"": ""Заголовок блока"", ""list"": {""1"": ""пункт 1"", ""2"": ""пункт 2""}}}"
api/consultation-request,POST,Send consultation request,Content-Type: application/json; Accept: application/json,,"name string Поле ""value"" должно быть не длиннее 255 символов. Example: mncuxybkmq; phone string Длина цифрового поля ""value"" должна быть 11. Example: 91520112745; email string Поле ""value"" должно быть действительным электронным адресом. Example: flynch@example.com; question string optional Поле ""value"" должно быть не длиннее 255 символов. Example: ixvu",No,"{""notification"": true, ""message"": ""Уведомление отправлено."", ""type"": ""primary""}"
api/partner-request,POST,Send partner request,Content-Type: application/json; Accept: application/json,,"name string Поле ""value"" должно быть не длиннее 255 символов. Example: inlogpahcgvchwrgnndv; phone string Длина цифрового поля ""value"" должна быть 11. Example: 54472124351; email string Поле ""value"" должно быть действительным электронным адресом. Example: qrowe@example.com",No,"{""notification"": true, ""message"": ""Уведомление отправлено."", ""type"": ""primary""}"
api/states,GET,"Get states. Состояние компании, полный расклад с вложенными сущностями",Authorization: Bearer {YOUR_AUTH_KEY}; Content-Type: application/json; Accept: application/json,,,Bearer Token,"{""data"": {""base_payments_amount"": 1900000, ""indicator_long"": 84, ""indicator_short"": 4, ""calced_at"": ""2025-10-13T15:26:07.000000Z"", ""state"": {""id"": 5, ""type"": ""breakthrough"", ""name"": ""breakthrough"", ""description"": ""breakthrough"", ""target"": ""breakthrough"", ""principles"": [], ""todos"": [], ""limit_low"": 51, ""limit_high"": null, ""categories"": []}}, ""recalc_button_enabled"": true}"
api/states/short,GET,"Get states short. Состояние компании, краткая информация для вывода на дашборде",Authorization: Bearer {YOUR_AUTH_KEY}; Content-Type: application/json; Accept: application/json,,,Bearer Token,"{""data"": {""base_payments_amount"": 1900000, ""indicator_long"": 84, ""indicator_short"": 4, ""calced_at"": ""2025-10-13T15:26:07.000000Z"", ""state"": {""id"": 5, ""type"": ""breakthrough"", ""name"": ""breakthrough"", ""description"": ""breakthrough"", ""target"": ""breakthrough"", ""principles"": [], ""todos"": [], ""limit_low"": 51, ""limit_high"": null}}}"
api/states/fact-payments-average,GET,Get states fact payments average,Authorization: Bearer {YOUR_AUTH_KEY}; Content-Type: application/json; Accept: application/json,,,Bearer Token,"{""data"": {""fact_payments_3_months_average"": 123, ""fact_payments_12_months_average"": 234}}"
api/states/update,PATCH,Update states,Authorization: Bearer {YOUR_AUTH_KEY}; Content-Type: application/json; Accept: application/json,,"base_payments_amount integer optional Поле ""value"" должно быть не менее 1. Поле ""value"" должно быть не больше 1000000000. Example: 19; one_month_ago_amount integer optional Поле ""value"" должно быть не менее 1. Поле ""value"" должно быть не больше 1000000000. Example: 25",Bearer Token,"{""data"": {""base_payments_amount"": 1900000, ""indicator_long"": 84, ""indicator_short"": 4, ""calced_at"": ""2025-10-13T15:26:07.000000Z"", ""state"": {""id"": 5, ""type"": ""breakthrough"", ""name"": ""breakthrough"", ""description"": ""breakthrough"", ""target"": ""breakthrough"", ""principles"": [], ""todos"": [], ""limit_low"": 51, ""limit_high"": null}}}"
api/states/recalc,POST,Recalc states,Authorization: Bearer {YOUR_AUTH_KEY}; Content-Type: application/json; Accept: application/json,,,Bearer Token,"{""data"": {""base_payments_amount"": 1900000, ""indicator_long"": 84, ""indicator_short"": 4, ""calced_at"": ""2025-10-13T15:26:07.000000Z"", ""state"": {""id"": 5, ""type"": ""breakthrough"", ""name"": ""breakthrough"", ""description"": ""breakthrough"", ""target"": ""breakthrough"", ""principles"": [], ""todos"": [], ""limit_low"": 51, ""limit_high"": null}}}"
api/states/steps,PATCH,Update states steps,Authorization: Bearer {YOUR_AUTH_KEY}; Content-Type: application/json; Accept: application/json,,steps_ids integer[] optional,Bearer Token,"{""data"": {""base_payments_amount"": 1900000, ""indicator_long"": 84, ""indicator_short"": 4, ""calced_at"": ""2025-10-13T15:26:07.000000Z"", ""state"": {""id"": 5, ""type"": ""breakthrough"", ""name"": ""breakthrough"", ""description"": ""breakthrough"", ""target"": ""breakthrough"", ""principles"": [], ""todos"": [], ""limit_low"": 51, ""limit_high"": null, ""categories"": []}}}"
api/unit-economic,GET,"Get unit economic. Таблица юнит-экономики, вычисленная по сохраненным параметрам",Authorization: Bearer {YOUR_AUTH_KEY}; Content-Type: application/json; Accept: application/json,,,Bearer Token,"{""data"": {""source"": {""UA"": 155, ""C1"": 21, ""B"": 32.55, ""AvP"": 116000, ""APC"": 1.5, ""AC"": 1000000, ""CPA"": 6451.612903225807, ""CM"": 4663700, ""GoalCM"": 7000000, ""isGoalReached"": false}, ""UA_limit"": {""UA"": 232.64789759204072, ""C1"": 21, ""B"": 48.85605849432855, ""AvP"": 116000, ""APC"": 1.5, ""AC"": 1500954.178013166, ""CPA"": 6451.612903225807, ""CM"": 7000000, ""GoalCM"": 7000000, ""isGoalReached"": true}, ""C1_limit"": {""UA"": 155, ""C1"": 29.662588060808314, ""B"": 45.977011494252885, ""AvP"": 116000, ""APC"": 1.5, ""AC"": 1000000, ""CPA"": 6451.612903225807, ""CM"": 7000000, ""GoalCM"": 7000000, ""isGoalReached"": true}, ""AvP_limit"": {""UA"": 155, ""C1"": 21, ""B"": 32.55, ""AvP"": 163850.4864311316, ""APC"": 1.5, ""AC"": 1000000, ""CPA"": 6451.612903225807, ""CM"": 7000000, ""GoalCM"": 7000000, ""isGoalReached"": true}, ""UA_limit_show"": true, ""C1_limit_show"": false, ""AvP_limit_show"": false}}"
api/unit-economic/calc,GET,"Get unit economic calc. Таблица юнит-экономики, вычисленная по введеным вручную параметрам",Authorization: Bearer {YOUR_AUTH_KEY}; Content-Type: application/json; Accept: application/json,,UA integer Example: 1; C1 number Example: 2368.37617; AvP number Example: 2335.597; APC number Example: 4006443.54; AC number Example: 12400216.95; GoalCM number Example: 740061.86379751,Bearer Token,"{""data"": {""source"": {""UA"": 155, ""C1"": 21, ""B"": 32.55, ""AvP"": 116000, ""APC"": 1.5, ""AC"": 1000000, ""CPA"": 6451.612903225807, ""CM"": 4663700, ""GoalCM"": 7000000, ""isGoalReached"": false}, ""UA_limit"": {""UA"": 232.64789759204072, ""C1"": 21, ""B"": 48.85605849432855, ""AvP"": 116000, ""APC"": 1.5, ""AC"": 1500954.178013166, ""CPA"": 6451.612903225807, ""CM"": 7000000, ""GoalCM"": 7000000, ""isGoalReached"": true}, ""C1_limit"": {""UA"": 155, ""C1"": 29.662588060808314, ""B"": 45.977011494252885, ""AvP"": 116000, ""APC"": 1.5, ""AC"": 1000000, ""CPA"": 6451.612903225807, ""CM"": 7000000, ""GoalCM"": 7000000, ""isGoalReached"": true}, ""AvP_limit"": {""UA"": 155, ""C1"": 21, ""B"": 32.55, ""AvP"": 163850.4864311316, ""APC"": 1.5, ""AC"": 1000000, ""CPA"": 6451.612903225807, ""CM"": 7000000, ""GoalCM"": 7000000, ""isGoalReached"": true}, ""UA_limit_show"": true, ""C1_limit_show"": false, ""AvP_limit_show"": false}}"
api/unit-economic/auto-params,GET,"Get unit economic auto params. Три параметра (UA, C1, AvP), предлагаемые для расчета. Являются соответствующими показателями компании за последний полный или предпоследний месяцы. Если null","0, то данных нет, предлагать пользователю ввести параметр вручную",Authorization: Bearer {YOUR_AUTH_KEY}; Content-Type: application/json; Accept: application/json,,,Bearer Token
api/unit-economic/update,POST,Update unit economic. Сохранение текущих параметров,Authorization: Bearer {YOUR_AUTH_KEY}; Content-Type: application/json; Accept: application/json,,UA integer optional Example: 8; C1 number optional Example: 31909161.574839; AvP number optional Example: 1975.7059; APC number optional Example: 56.153634632; AC number optional Example: 650104.9; GoalCM number optional Example: 31.24809; UA_limit_show boolean optional Example: false; C1_limit_show boolean optional Example: true; AvP_limit_show boolean optional Example: false,Bearer Token,"{""data"": {""source"": {""UA"": 155, ""C1"": 21, ""B"": 32.55, ""AvP"": 116000, ""APC"": 1.5, ""AC"": 1000000, ""CPA"": 6451.612903225807, ""CM"": 4663700, ""GoalCM"": 7000000, ""isGoalReached"": false}, ""UA_limit"": {""UA"": 232.64789759204072, ""C1"": 21, ""B"": 48.85605849432855, ""AvP"": 116000, ""APC"": 1.5, ""AC"": 1500954.178013166, ""CPA"": 6451.612903225807, ""CM"": 7000000, ""GoalCM"": 7000000, ""isGoalReached"": true}, ""C1_limit"": {""UA"": 155, ""C1"": 29.662588060808314, ""B"": 45.977011494252885, ""AvP"": 116000, ""APC"": 1.5, ""AC"": 1000000, ""CPA"": 6451.612903225807, ""CM"": 7000000, ""GoalCM"": 7000000, ""isGoalReached"": true}, ""AvP_limit"": {""UA"": 155, ""C1"": 21, ""B"": 32.55, ""AvP"": 163850.4864311316, ""APC"": 1.5, ""AC"": 1000000, ""CPA"": 6451.612903225807, ""CM"": 7000000, ""GoalCM"": 7000000, ""isGoalReached"": true}, ""UA_limit_show"": true, ""C1_limit_show"": false, ""AvP_limit_show"": false}}"
api/users,GET,Get users,Authorization: Bearer {YOUR_AUTH_KEY}; Content-Type: application/json; Accept: application/json,"name string optional Поле ""value"" должно быть не короче 3 символов. Поле ""value"" должно быть не длиннее 255 символов. Example: qiuvumwtgk; departments_ids integer[] optional; roles string[]; is_hidden boolean optional Example: false; statuses string[] optional Must be one of: active block; without_departments boolean optional Example: false; without_pagination boolean optional Example: true",,Bearer Token,"{""data"": {""id"": 7, ""role"": ""master"", ""avatar_url"": null, ""surname"": ""master"", ""name"": ""master"", ""patronymic"": ""master"", ""email"": ""master@test.com"", ""email_verified_at"": null, ""phone"": null, ""phone_verified_at"": null, ""status"": ""active"", ""is_hidden"": false, ""created_at"": null, ""updated_at"": null, ""departments"": []}}"
api/users/me,GET,Get me,Authorization: Bearer {YOUR_AUTH_KEY}; Content-Type: application/json; Accept: application/json,,,Bearer Token,"{""data"": {""id"": 7, ""role"": ""master"", ""avatar_url"": null, ""surname"": ""master"", ""name"": ""master"", ""patronymic"": ""master"", ""email"": ""master@test.com"", ""email_verified_at"": null, ""phone"": null, ""phone_verified_at"": null, ""status"": ""active"", ""is_hidden"": false, ""created_at"": null, ""updated_at"": null, ""departments"": []}}"
api/users/me,POST,Update me,Authorization: Bearer {YOUR_AUTH_KEY}; Content-Type: multipart/form-data; Accept: application/json,,"avatar file optional Must be a file. Поле ""value"" должно быть изображением. Поле ""value"" должно быть не больше 5120 Килобайт. Example: /tmp/phpv4ctpq86sp81dBbpbOG; surname string optional Поле ""value"" должно быть не короче 2 символов. Поле ""value"" должно быть не длиннее 255 символов. Example: dafymuyrmdntbfrgek; name string optional Поле ""value"" должно быть не короче 2 символов. Поле ""value"" должно быть не длиннее 255 символов. Example: jszjcnxfjl; patronymic string optional Поле ""value"" должно быть не длиннее 255 символов. Example: fhtgfdqosvou; email string optional Поле ""value"" должно быть действительным электронным адресом. Поле ""value"" должно быть не длиннее 255 символов. Example: donavon.larkin@example.org; phone string optional Длина цифрового поля ""value"" должна быть 11. Must match the regex /^7[0-9]{10}$/. Example: 77037420972",Bearer Token,"{""data"": {""id"": 7, ""role"": ""master"", ""avatar_url"": null, ""surname"": ""master"", ""name"": ""master"", ""patronymic"": ""master"", ""email"": ""master@test.com"", ""email_verified_at"": null, ""phone"": null, ""phone_verified_at"": null, ""status"": ""active"", ""is_hidden"": false, ""created_at"": null, ""updated_at"": null, ""departments"": []}}"
api/users/me/email,PATCH,Update me email,Authorization: Bearer {YOUR_AUTH_KEY}; Content-Type: application/json; Accept: application/json,,"email string Поле ""value"" должно быть действительным электронным адресом. Example: gwyman@example.com; code string Длина цифрового поля ""value"" должна быть 6. Example: 641603",Bearer Token,"{""data"": {""id"": 7, ""role"": ""master"", ""avatar_url"": null, ""surname"": ""master"", ""name"": ""master"", ""patronymic"": ""master"", ""email"": ""master@test.com"", ""email_verified_at"": null, ""phone"": null, ""phone_verified_at"": null, ""status"": ""active"", ""is_hidden"": false, ""created_at"": null, ""updated_at"": null, ""departments"": []}}"
api/users/me/phone,PATCH,Update me phone,Authorization: Bearer {YOUR_AUTH_KEY}; Content-Type: application/json; Accept: application/json,,"phone string Длина цифрового поля ""value"" должна быть 11. Must match the regex /^7/. Example: 7; code string Длина цифрового поля ""value"" должна быть 6. Example: 729935",Bearer Token,"{""data"": {""id"": 7, ""role"": ""master"", ""avatar_url"": null, ""surname"": ""master"", ""name"": ""master"", ""patronymic"": ""master"", ""email"": ""master@test.com"", ""email_verified_at"": null, ""phone"": null, ""phone_verified_at"": null, ""status"": ""active"", ""is_hidden"": false, ""created_at"": null, ""updated_at"": null, ""departments"": []}}"
api/users/{id},GET,Get user,Authorization: Bearer {YOUR_AUTH_KEY}; Content-Type: application/json; Accept: application/json,id integer The ID of the user. Example: 7,,Bearer Token,"{""data"": {""id"": 7, ""role"": ""master"", ""avatar_url"": null, ""surname"": ""master"", ""name"": ""master"", ""patronymic"": ""master"", ""email"": ""master@test.com"", ""email_verified_at"": null, ""phone"": null, ""phone_verified_at"": null, ""status"": ""active"", ""is_hidden"": false, ""created_at"": null, ""updated_at"": null, ""departments"": []}}"
api/users,POST,Create user,Authorization: Bearer {YOUR_AUTH_KEY}; Content-Type: multipart/form-data; Accept: application/json,,"departments_ids object; role string Example: rop Must be one of: rop mop; avatar file optional Must be a file. Поле ""value"" должно быть изображением. Поле ""value"" должно быть не больше 5120 Килобайт. Example: /tmp/php113nnkcacs5qckiDNiG; surname string Поле ""value"" должно быть не короче 2 символов. Поле ""value"" должно быть не длиннее 255 символов. Example: gkahvo; name string Поле ""value"" должно быть не короче 2 символов. Поле ""value"" должно быть не длиннее 255 символов. Example: hhcpgbp; patronymic string optional Поле ""value"" должно быть не длиннее 255 символов. Example: ylelpmnlgx; email string Поле ""value"" должно быть действительным электронным адресом. Поле ""value"" должно быть не длиннее 255 символов. Example: alexie76@example.org; phone string optional Длина цифрового поля ""value"" должна быть 11. Must match the regex /^7[0-9]{10}$/. Example: 71844688320; is_fake boolean optional Example: false",Bearer Token,"{""data"": {""id"": 7, ""role"": ""master"", ""avatar_url"": null, ""surname"": ""master"", ""name"": ""master"", ""patronymic"": ""master"", ""email"": ""master@test.com"", ""email_verified_at"": null, ""phone"": null, ""phone_verified_at"": null, ""status"": ""active"", ""is_hidden"": false, ""created_at"": null, ""updated_at"": null, ""departments"": []}}"
api/users/{id},POST,Update user,Authorization: Bearer {YOUR_AUTH_KEY}; Content-Type: multipart/form-data; Accept: application/json,id integer The ID of the user. Example: 7,"departments_ids integer[] optional The id of an existing record in the departments table.; role string Example: mop Must be one of: rop mop; avatar file optional Must be a file. Поле ""value"" должно быть изображением. Поле ""value"" должно быть не больше 5120 Килобайт. Example: /tmp/phps44lk12hk2vofiaKImG; surname string optional Поле ""value"" должно быть не короче 2 символов. Поле ""value"" должно быть не длиннее 255 символов. Example: euu; name string optional Поле ""value"" должно быть не короче 2 символов. Поле ""value"" должно быть не длиннее 255 символов. Example: qvhebmwswwgguvvgvau; patronymic string optional Поле ""value"" должно быть не длиннее 255 символов. Example: oo; email string optional Поле ""value"" должно быть действительным электронным адресом. Поле ""value"" должно быть не длиннее 255 символов. Example: lacy.zemlak@example.net; phone string optional Длина цифрового поля ""value"" должна быть 11. Must match the regex /^7[0-9]{10}$/. Example: 72789911708; is_hidden boolean optional Example: true; status string Example: active Must be one of: active block",Bearer Token,"{""data"": {""id"": 7, ""role"": ""master"", ""avatar_url"": null, ""surname"": ""master"", ""name"": ""master"", ""patronymic"": ""master"", ""email"": ""master@test.com"", ""email_verified_at"": null, ""phone"": null, ""phone_verified_at"": null, ""status"": ""active"", ""is_hidden"": false, ""created_at"": null, ""updated_at"": null, ""departments"": []}}"
api/users/password,PATCH,Update password,Authorization: Bearer {YOUR_AUTH_KEY}; Content-Type: application/json; Accept: application/json,,"password_old string optional Поле ""value"" должно быть не короче 0 символов. Поле ""value"" должно быть не длиннее 32 символов. Example: pp; password string Поле ""value"" должно быть не короче 8 символов. Поле ""value"" должно быть не длиннее 32 символов. Example: o?o:ij7UxG>; password_confirm string The value and password must match. Example: et",Bearer Token,"{""data"": {""id"": 7, ""role"": ""master"", ""avatar_url"": null, ""surname"": ""master"", ""name"": ""master"", ""patronymic"": ""master"", ""email"": ""master@test.com"", ""email_verified_at"": null, ""phone"": null, ""phone_verified_at"": null, ""status"": ""active"", ""is_hidden"": false, ""created_at"": null, ""updated_at"": null, ""departments"": []}}"
api/users/fake-email,GET,Get fake email,Authorization: Bearer {YOUR_AUTH_KEY}; Content-Type: application/json; Accept: application/json,,,Bearer Token,"{""message"": ""Not Found""}"
api/webpush/add,POST,Add webpush,Authorization: Bearer {YOUR_AUTH_KEY}; Content-Type: application/json; Accept: application/json,,endpoint string Example: consectetur; expired_at string optional,Bearer Token,
api/webpush/delete,POST,Delete webpush,Authorization: Bearer {YOUR_AUTH_KEY}; Content-Type: application/json; Accept: application/json,,endpoint string Example: officia,Bearer Token,
api/widgets/total-revenue,GET,Get total revenue,Authorization: Bearer {YOUR_AUTH_KEY}; Content-Type: application/json; Accept: application/json,"department_id integer optional; user_id integer optional Example: 17; date_from date optional month in format ""Y-m""; date_to date optional month in format ""Y-m""; date_from_graph date optional format ""Y-m-d""; date_to_graph date optional format ""Y-m-d""; aggregation_graph string ""day""","""week""","""month""",
api/widgets/conversions,GET,Get conversions,Authorization: Bearer {YOUR_AUTH_KEY}; Content-Type: application/json; Accept: application/json,"department_id integer optional; user_id integer optional Example: 11; date_from date optional month in format ""Y-m""; date_to date optional month in format ""Y-m""; date_from_graph date optional format ""Y-m-d""; date_to_graph date optional format ""Y-m-d""; aggregation_graph string ""day""","""week""","""month""",
api/widgets/average-receipt,GET,Get average receipt,Authorization: Bearer {YOUR_AUTH_KEY}; Content-Type: application/json; Accept: application/json,"department_id integer optional; user_id integer optional Example: 17; date_from date optional month in format ""Y-m""; date_to date optional month in format ""Y-m""; date_from_graph date optional format ""Y-m-d""; date_to_graph date optional format ""Y-m-d""; aggregation_graph string ""day""","""week""","""month""",
api/widgets/leads,GET,Get leads,Authorization: Bearer {YOUR_AUTH_KEY}; Content-Type: application/json; Accept: application/json,"department_id integer optional; user_id integer optional Example: 19; date_from date optional month in format ""Y-m""; date_to date optional month in format ""Y-m""; date_from_graph date optional format ""Y-m-d""; date_to_graph date optional format ""Y-m-d""; aggregation_graph string ""day""","""week""","""month""",
api/widgets/revenue-per-employee,GET,Get revenue per employee,Authorization: Bearer {YOUR_AUTH_KEY}; Content-Type: application/json; Accept: application/json,"department_id integer optional; user_id integer optional Example: 6; date_from date optional month in format ""Y-m""; date_to date optional month in format ""Y-m""; date_from_graph date optional format ""Y-m-d""; date_to_graph date optional format ""Y-m-d""; aggregation_graph string ""day""","""week""","""month""",
api/widgets/activities,GET,Get activities,Authorization: Bearer {YOUR_AUTH_KEY}; Content-Type: application/json; Accept: application/json,"department_id integer optional; user_id integer optional Example: 2; activities_ids integer[] optional; date_from date optional month in format ""Y-m""; date_to date optional month in format ""Y-m""; date_from_graph date optional format ""Y-m-d""; date_to_graph date optional format ""Y-m-d""; aggregation_graph string ""day""","""week""","""month""",activities_ids integer[] optional
api/widgets/calls-ratings,GET,Get calls ratings,Authorization: Bearer {YOUR_AUTH_KEY}; Content-Type: application/json; Accept: application/json,"department_id integer optional; user_id integer optional Example: 18; date_from date optional month in format ""Y-m""; date_to date optional month in format ""Y-m""; date_from_graph date optional format ""Y-m-d""; date_to_graph date optional format ""Y-m-d""; aggregation_graph string ""day""","""week""","""month""",
api/widgets/day-advice,GET,Get day advice,Authorization: Bearer {YOUR_AUTH_KEY}; Content-Type: application/json; Accept: application/json,,,Bearer Token,"{""text"": ""Совет дня""}"
api/widgets/actuality,GET,"Get actuality. Виджет ""актуальность данных"" Проверка ввода данных ведется по одному показателю fact_leads_count Гл.дашборд тариф без отделов date: дата последнего ввода данных тариф только с отделами date: вчерашняя дата percent: процент ввода данных по отделам. null если отделов нет departments_not_actual: массив. отделы, по которым данны не введены + дата последнего ввода тариф с отделами и мопами date: вчерашняя дата percent: процент ввода данных по отделам/мопам departments_not_actual: массив. отделы, по которым данны не введены полностью. дата последнего ввода нет, т.к. агрегация по мопам Дашборд отдела тариф только с отделами date: дата последнего ввода данных тариф с отделами и мопами date: вчерашняя дата percent: процент ввода данных по отделу мопами. null если мопов нет mops_not_actual: массив. мопы, по которым данны не введены + дата последнего ввода.",Authorization: Bearer {YOUR_AUTH_KEY}; Content-Type: application/json; Accept: application/json,department_id integer optional,,Bearer Token,"{""date"": ""2025-02-01"", ""percent(optional)"": 50, ""departments_not_actual(optional)"": [{""id"": 1, ""name"": ""dep1"", ""date(optional)"": ""2025-01-30""}], ""mops_not_actual(optional)"": [{""id"": 1, ""name"": ""mop1"", ""avatar_url"":null, ""date"": ""2025-01-30""}]}"